CompanyName,CompanyNumber,RegAddress.CareOf,RegAddress.POBox,RegAddress.AddressLine1,RegAddress.AddressLine2,RegAddress.PostTown,RegAddress.County,RegAddress.Country,RegAddress.PostCode,CompanyCategory,CompanyStatus,CountryOfOrigin,DissolutionDate,IncorporationDate,Accounts.AccountRefDay,Accounts.AccountRefMonth,Accounts.NextDueDate,Accounts.LastMadeUpDate,Accounts.AccountCategory,Returns.NextDueDate,Returns.LastMadeUpDate,Mortgages.NumMortCharges,Mortgages.NumMortOutstanding,Mortgages.NumMortPartSatisfied,Mortgages.NumMortSatisfied,SICCode.SicText_1,SICCode.SicText_2,SICCode.SicText_3,SICCode.SicText_4,LimitedPartnerships.NumGenPartners,LimitedPartnerships.NumLimPartners,URI,PreviousName_1.CONDATE,PreviousName_1.CompanyName,PreviousName_2.CONDATE,PreviousName_2.CompanyName,PreviousName_3.CONDATE,PreviousName_3.CompanyName,PreviousName_4.CONDATE,PreviousName_4.CompanyName,PreviousName_5.CONDATE,PreviousName_5.CompanyName,PreviousName_6.CONDATE,PreviousName_6.CompanyName,PreviousName_7.CONDATE,PreviousName_7.CompanyName,PreviousName_8.CONDATE,PreviousName_8.CompanyName,PreviousName_9.CONDATE,PreviousName_9.CompanyName,PreviousName_10.CONDATE,PreviousName_10.CompanyName,ConfStmtNextDueDate, ConfStmtLastMadeUpDate
! LTD,8209948,,,METROHOUSE 57 PEPPER ROAD,HUNSLET,LEEDS,YORKSHIRE,,LS10 2RU,Private Limited Company,Active,United Kingdom,,11/09/2012,30,9,30/06/2019,30/09/2017,DORMANT,09/10/2016,11/09/2015,0,0,0,0,99999 - Dormant Company,,,,0,0,http://business.data.gov.uk/id/company/08209948,,,,,,,,,,,,,,,,,,,,,25/09/2018,11/09/2017
!? LTD,11399177,,,THE STUDIO HATHERLOW HOUSE,HATHERLOW,ROMILEY,,UNITED KINGDOM,SK6 3DY,Private Limited Company,Active,United Kingdom,,05/06/2018,30,6,05/03/2020,,NO ACCOUNTS FILED,03/07/2019,,0,0,0,0,47710 - Retail sale of clothing in specialised stores,,,,0,0,http://business.data.gov.uk/id/company/11399177,,,,,,,,,,,,,,,,,,,,,18/06/2019,
!NNOV8 LIMITED,11006939,,,C/O FRANK HIRTH 1ST FLOOR,236 GRAY'S INN ROAD,LONDON,,UNITED KINGDOM,WC1X 8HB,Private Limited Company,Active,United Kingdom,,11/10/2017,31,3,11/07/2019,,NO ACCOUNTS FILED,08/11/2018,,0,0,0,0,62090 - Other information technology service activities,,,,0,0,http://business.data.gov.uk/id/company/11006939,,,,,,,,,,,,,,,,,,,,,24/10/2018,
!NSPIRED LTD,SC421617,,,26 POLMUIR ROAD,,ABERDEEN,,UNITED KINGDOM,AB11 7SY,Private Limited Company,Active,United Kingdom,,11/04/2012,30,3,30/12/2018,30/03/2017,TOTAL EXEMPTION FULL,09/05/2017,11/04/2016,0,0,0,0,70229 - Management consultancy activities other than financial management,,,,0,0,http://business.data.gov.uk/id/company/SC421617,,,,,,,,,,,,,,,,,,,,,25/04/2019,11/04/2018
!NVERTD DESIGNS LIMITED,9152972,,,55A HIGH STREET,,SILSOE,BEDFORDSHIRE,,MK45 4EW,Private Limited Company,Active,United Kingdom,,30/07/2014,31,7,30/04/2019,31/07/2017,,27/08/2016,30/07/2015,0,0,0,0,58190 - Other publishing activities,,,,0,0,http://business.data.gov.uk/id/company/09152972,,,,,,,,,,,,,,,,,,,,,13/08/2018,30/07/2017
!OBAC LIMITED,FC031362,,,1ST AND 2ND FLOORS ELIZABETH HOUSE,LES RUETIES BRAYES,ST PETER PORT,GUERNSEY,GUERNSEY,GY1 1EW,Other company type,Active,CHANNEL ISLANDS,,30/11/2012,31,12,,31/12/2016,GROUP,,,0,0,0,0,None Supplied,,,,0,0,http://business.data.gov.uk/id/company/FC031362,,,,,,,,,,,,,,,,,,,,,14/12/2016,
!OBAC UK LIMITED,7687209,,,ENDEAVOUR HOUSE,COOPERS END ROAD,STANSTED AIRPORT,,,CM24 1SJ,Private Limited Company,Active,United Kingdom,,29/06/2011,29,12,29/09/2018,31/12/2016,SMALL,27/07/2017,29/06/2016,1,1,0,0,70229 - Management consultancy activities other than financial management,,,,0,0,http://business.data.gov.uk/id/company/07687209,15/07/2011,!OBAC FITTINGS LIMITED,,,,,,,,,,,,,,,,,,,13/07/2019,29/06/2018
!YOZO FASS LIMITED,2714021,,,1 VERONICA HOUSE,WICKHAM ROAD,BROCKLEY,,,SE4 1NQ,Private Limited Company,Active,United Kingdom,,12/05/1992,31,3,31/12/2018,31/03/2017,DORMANT,09/06/2017,12/05/2016,0,0,0,0,90010 - Performing arts,,,,0,0,http://business.data.gov.uk/id/company/02714021,,,,,,,,,,,,,,,,,,,,,26/05/2019,12/05/2018
""" BROOK VIEW ""MECHANICAL AND ELECTRICAL ENGINEERING SERVICES LIMITED",10275228,,,62 STAKES ROAD,PURBROOK,WATERLOOVILLE,HAMPSHIRE,ENGLAND,PO7 5NT,Private Limited Company,Active,United Kingdom,,12/07/2016,31,7,30/04/2019,31/07/2017,TOTAL EXEMPTION FULL,09/08/2017,,0,0,0,0,33200 - Installation of industrial machinery and equipment,,,,0,0,http://business.data.gov.uk/id/company/10275228,,,,,,,,,,,,,,,,,,,,,25/07/2018,11/07/2017